/*
SQLyog Professional v13.1.1 (32 bit)
MySQL - 10.4.11-MariaDB : Database - win_college
*********************************************************************
*/

/*!40101 SET NAMES utf8 */;

/*!40101 SET SQL_MODE=''*/;

/*!40014 SET @OLD_UNIQUE_CHECKS=@@UNIQUE_CHECKS, UNIQUE_CHECKS=0 */;
/*!40014 SET @OLD_FOREIGN_KEY_CHECKS=@@FOREIGN_KEY_CHECKS, FOREIGN_KEY_CHECKS=0 */;
/*!40101 SET @OLD_SQL_MODE=@@SQL_MODE, SQL_MODE='NO_AUTO_VALUE_ON_ZERO' */;
/*!40111 SET @OLD_SQL_NOTES=@@SQL_NOTES, SQL_NOTES=0 */;
CREATE DATABASE /*!32312 IF NOT EXISTS*/`win_college` /*!40100 DEFAULT CHARACTER SET utf8mb4 */;

USE `win_college`;

/*Table structure for table `courses` */

DROP TABLE IF EXISTS `courses`;

CREATE TABLE `courses` (
  `Course_ID` int(5) NOT NULL,
  `VET_Qual` varchar(10) NOT NULL,
  `Cricos_Qual` varchar(11) DEFAULT NULL,
  `Course_Name` varchar(60) NOT NULL,
  `Course_Duration` varchar(15) NOT NULL,
  `Year` int(4) NOT NULL,
  PRIMARY KEY (`Course_ID`)
) ENGINE=InnoDB DEFAULT CHARSET=utf8;

/*Data for the table `courses` */

insert  into `courses`(`Course_ID`,`VET_Qual`,`Cricos_Qual`,`Course_Name`,`Course_Duration`,`Year`) values 
(1,'FNS40615','088007K','Certificate IV in Accounting','1',0),
(2,'FNS50215','088008J','Diploma of Accounting','1',0),
(3,'BSB40215','086926J','CertifIcate IV in Business','6',0),
(4,'BSB51915','088005A','Diploma of Leadership & Management','1',0),
(5,'BSB61015','088006M','Advanced Diploma of Leadership & Management','2',0),
(6,'BSB41515','095372G','Cert IV in Project Management Practice','1',0),
(7,'BSB51415','095373G','Diploma of Project Management','1',0),
(8,'BSB61215','095374F','Advanced Diploma of Program Management','2',0),
(9,'FNS50615','087727G','Diploma of Financial Planning','1',0),
(10,'FNS60415','087728G','Advanced Diploma of Financial Planning','2',0),
(11,'ICT50115','095375E','Diploma of Information Technology','1',0),
(12,'ICT60115','095376D','Advanced Diploma of Information Technology','2',0),
(13,'ICT60315','086745C','Advanced Diploma of IT Business analysis','2',0),
(14,'PSP50916','091950M','Diploma of interpreting','1',0),
(15,'PSP60816','087730B','Advanced Diploma of Translating','1',0),
(16,'CUA51015','093984G','Diploma of Screen & Media','1',0),
(17,'10317NAT','095370K','Cert IV in TESOL','1',0),
(19,'10317NAT','095371J','Diploma of TESOL','1',0),
(20,'','076607G','General English Beginner to Advanced','1',0),
(21,'','076605J','English for Academic Purposes Upper intermediate to Advanced','1',0),
(22,'','064331G','Advanced Diploma of Management','1',0),
(23,'','064332F','Diploma of Management','1',0),
(24,'','099260F','Intesive English and Proficiency Test Preparation','',0);

/*Table structure for table `student_details` */

DROP TABLE IF EXISTS `student_details`;

CREATE TABLE `student_details` (
  `id` int(11) NOT NULL AUTO_INCREMENT,
  `first_name` varchar(255) NOT NULL,
  `middle_name` varchar(255) DEFAULT NULL,
  `last_name` varchar(255) NOT NULL,
  `dob` date NOT NULL,
  `gender` varchar(255) NOT NULL,
  `address1` varchar(255) NOT NULL,
  `address2` varchar(255) NOT NULL,
  `email` varchar(255) NOT NULL,
  `mobile` varchar(255) NOT NULL,
  `course` int(11) NOT NULL,
  `created_at` timestamp NULL DEFAULT current_timestamp(),
  `updated_at` timestamp NULL DEFAULT '0000-00-00 00:00:00',
  PRIMARY KEY (`id`),
  KEY `course` (`course`),
  CONSTRAINT `student_details_ibfk_1` FOREIGN KEY (`course`) REFERENCES `courses` (`Course_ID`)
) ENGINE=InnoDB AUTO_INCREMENT=10 DEFAULT CHARSET=utf8mb4;

/*Data for the table `student_details` */

insert  into `student_details`(`id`,`first_name`,`middle_name`,`last_name`,`dob`,`gender`,`address1`,`address2`,`email`,`mobile`,`course`,`created_at`,`updated_at`) values 
(1,'John','','Cena','1995-01-01','male','student','student','john@gmail.com','9812345678',2,'2020-12-17 15:07:35','0000-00-00 00:00:00'),
(2,'John','','Androson','2019-12-31','female','abc','abc','abc@mail.com','9812345678',16,'2020-12-17 17:58:19','0000-00-00 00:00:00'),
(3,'Michel','','Jackson','2020-02-12','female','aaa','aaa','aaa@mail.com','9812345678',19,'2020-12-17 18:02:35','0000-00-00 00:00:00'),
(4,'Tina','','Rack','2020-01-06','female','tina','tina','tina@yahoo.com','9812345678',23,'2020-12-18 13:09:42','0000-00-00 00:00:00'),
(5,'Abhram','','Linkon','2020-12-01','male','earth','earth','abhram@outlook.com','9812345678',13,'2020-12-18 13:15:08','0000-00-00 00:00:00'),
(6,'Lisa','','Lisa','2020-12-01','female','lisa','lisa','lisa@gmail.com','9812345678',13,'2020-12-18 13:16:16','0000-00-00 00:00:00'),
(7,'Alex','','Fox','2020-12-01','female','alex','alex','alex@mail.com','9812345678',17,'2020-12-18 13:25:02','0000-00-00 00:00:00'),
(8,'emily','','falls','2020-12-01','male','emily','emily','emily@mail.com','9812345678',7,'2020-12-18 13:26:40','0000-00-00 00:00:00'),
(9,'Ronaldo','','Ronaldo','2020-12-01','male','ronaldo','ronaldo','ronaldo@mail.com','9812345678',21,'2020-12-18 13:28:19','0000-00-00 00:00:00');

/*Table structure for table `subjects` */

DROP TABLE IF EXISTS `subjects`;

CREATE TABLE `subjects` (
  `Subject_ID` int(5) NOT NULL,
  `Course_ID` int(5) NOT NULL,
  `UOC_Code` varchar(12) NOT NULL,
  `UOC_Name` varchar(93) NOT NULL,
  `Term` int(5) DEFAULT NULL,
  PRIMARY KEY (`Subject_ID`),
  KEY `Courses` (`Course_ID`),
  CONSTRAINT `Courses` FOREIGN KEY (`Course_ID`) REFERENCES `courses` (`Course_ID`)
) ENGINE=InnoDB DEFAULT CHARSET=utf8;

/*Data for the table `subjects` */

insert  into `subjects`(`Subject_ID`,`Course_ID`,`UOC_Code`,`UOC_Name`,`Term`) values 
(1,1,'BSBFIA401','Prepare financial reports',2),
(4,1,'FNSACC312','Administer subsidiary accounts and ledgers',3),
(6,1,'FNSACC416','Setup and operate a computerised accounting system',4),
(7,1,'FNSTPB402','Establish and maintain a payroll system',4),
(8,1,'FNSACC414','Prepare financial statements for non-reporting entitites',5),
(9,1,'FNSACC311','Process financial transaction and extract interim reports',5),
(10,1,'BIBITU306','Design and produce business documents',6),
(11,1,'BSBITU402','Develop and use complex spreadsheets',6),
(12,1,'FNSACC313','Perform financial calculations',1),
(13,1,'FNSACC403','Make decisions in legal context',1),
(14,2,'FNSACC512','Prepare tax document for individuals',1),
(15,2,'FNSACC514','Prepare financial reports for coprorate entitites',2),
(16,2,'FNSACC516','Implement and maintain internal control procedures',2),
(17,2,'FNSACC517','Provide management accounting information',3),
(18,2,'FNSACC511','Provide financial and business performance information',4),
(19,2,'FNSACC607','Evalue business performance',5),
(20,2,'FNSACC513','Manage budgets and forecast',5),
(21,2,'FNSACC601','Prepare and administer tax documentation for legal entities',4),
(22,2,'BSBLDR502','Lead and manage effective workplace relationships',3),
(23,2,'FNSACC505','Establish and maintain accounting information systems',1),
(24,2,'FNSINC601','Apply economic principlates to work in the financial services industry',6),
(25,3,'BSBWHS401','Implement and monitor WHS policies, procedures and programs to meet legislative requirements ',1),
(26,3,'BSBSMB403','Market the small business',2),
(27,3,'BSBCUS401','Coordinate implementation of customer service strategies',2),
(28,3,'BSBCUS402','Address customer needs',2),
(29,3,'BSBADM405','Organise meetings',1),
(30,3,'BSBLED401','Develop teams and individuals',3),
(31,3,'BSBLDR403','Lead team effectiveness',3),
(32,3,'BSBLDR402','Lead effective workplace relationships',3),
(33,3,'BSBFIA301','Maintain financial records',1),
(34,3,'BSBWRT401','Write complex documents ',2),
(35,4,'BSBWHS501','Ensure a safe workplace',1),
(36,4,'BSBHRM405','Support the recruitment, selection and induction of staff',1),
(37,4,'BSBFIM501','Manage budgets and financial plans ',2),
(38,4,'BSBCUS501','Manage quality customer service',2),
(39,4,'BSBMGT517','Manage operational plan',3),
(40,4,'BSBLDR501','Develop and use emotional intelligence',3),
(41,4,'BSBLDR502','Lead & manage effective workplace relationships',4),
(42,4,'BSBWOR502','Lead and manage team effectiveness',4),
(43,4,'BSBMGT502','Manage people performance ',5),
(44,4,'BSBMKG502','Establish and adjust the marketing mix ',5),
(45,4,'BSBHRM512','Develop and manage performance management processes ',6),
(46,4,'BSBWOR501','Manage Personal Work Priorities and Professional Development',6),
(47,5,'BSBMGT616','Develop and implement Strategic Plans',1),
(48,5,'BSBINN601','Lead and manage organisational change',1),
(49,5,'BSBMGT608','Manage innovation and continuous improvement',2),
(50,5,'BSBCOM603','Plan and establish compliance management systems',5),
(51,5,'BSBINM601','Manage knowledge and information',3),
(52,5,'BSBFIM601','Manage finances',6),
(53,5,'BSBMGT617','Develop and implement business plan',4),
(54,5,'BSBMGT605','Provide leadership across the organization',4),
(55,5,'BSBMKG609','Develop a marketing plan',5),
(56,5,'BSBRSK501','Manage risk',5),
(57,5,'BSBHRM604','Manage employee relations',6),
(58,5,'BSBMGT615','Contribute to organisation development',6),
(59,6,'BSBPMG417 ','Apply project life cycle management processes',0),
(60,6,'BSBPMG409','Apply project scope management techniques',0),
(61,6,'BSBPMG410','Apply project time management techniques',0),
(62,6,'BSBPMG412','Apply project cost management techniques',0),
(63,6,'BSBPMG411','Apply project quality management techniques',0),
(64,6,'BSBPMG418','Apply project stakeholder engagement techniques',0),
(65,6,'BSBPMG414','Apply project information management and communications techniques',0),
(66,6,'BSBPMG416','Apply project procurement procedures',0),
(67,6,'BSBPMG415','Apply project risk management techniques',0),
(68,7,'BSBPMG511','Manage project scope',0),
(69,7,'BSBWOR501','Manage personal work priorities and professional development',0),
(70,7,'BSBPMG512','Manage project time',0),
(71,7,'BSBPMG514','Manage project cost',0),
(72,7,'BSBPMG513','Manage project quality',0),
(73,7,'BSBPMG516','manage project information and communication',0),
(74,7,'BSBPMG519','Manage project stakeholder engagement',0),
(75,7,'BSBPMG515','Manage project human resources',0),
(76,7,'BSBWOR502','Lead and manage team effectiveness',0),
(77,7,'BSBPMG517','Manage project risk',0),
(78,7,'BSBPMG521','Manage project integration',0),
(79,7,'BSBPMG520','Manage project governance',0),
(80,8,'BSBPMG610','Enable program execution',0),
(81,8,'PSPMGT006','Develop a business case',0),
(82,8,'BSBPMG611','Facilitate stakeholder engagement',0),
(83,8,'BSBPMG612','Implement program governance',0),
(84,8,'BSBPMG614','Engage in collaborative alliances',0),
(85,8,'BSBINN601','Lead and manage organisational change',0),
(86,8,'BSBPMG617','Provide leadership for the program',0),
(87,8,'BSBMGT520','Plan and manage the flexible workforce',0),
(89,8,'BSBPMG615','Manage program delivery',0),
(90,8,'BSBPMG616','Manage program risk',0),
(91,8,'BSBPMG613','Manage benefits',0),
(92,9,'FNSASICZ503','Provide advice in financial planning',2),
(93,9,'FNSFPL501','Comply with financial planning practice ethical and operational guidelines and regulations',6),
(94,9,'FNSFPL502','Conduct financial planning analysis and research',6),
(95,9,'FNSFPL503','Develop and prepare financial plan',1),
(96,9,'FNSFPL504','Implement financial plan',3),
(97,9,'FNSFPL505','Review financial plans and provide ongoing service',3),
(98,9,'FNSFPL506','Determine client financial requirements and expectations',6),
(99,9,'FNSINC401','Apply principles of professional practice to work in the financial services industry',5),
(100,9,'BSBITU402','Develop and use complex spreadsheets',5),
(101,9,'FNSIAD501','Provide appropriate services, advice and products to clients',1),
(102,9,'FNSINC501','Conduct product research to support recommendations',2),
(103,9,'FNSCUS505','Determine client requirements and expectations',5),
(104,9,'FNSCUS506','Record and implement client instructions',1),
(105,9,'FNSASICU503A','Provide advice in superannuation',4),
(106,9,'FNSASICX503','Provide advice in life assurance',4),
(107,10,'FNSFPL508','Conduct complex financial planning research',0),
(108,10,'FNSFPL601','Provide technical and professional guidance',0),
(109,10,'FNSFPL602','Determine client requirements and expectations for clients with complex needs',0),
(110,10,'FNSFPL603','Provide comprehensive monitoring and ongoing service',0),
(111,10,'FNSFPL604','Develop complex and innovative financial planning strategies',0),
(112,10,'FNSFPL605','Present and negotiate complex and innovative financial plans',5),
(113,10,'FNSFPL606','Implement complex and innovative financial plan',5),
(114,10,'FNSPRM601','Establish, supervise and monitor practice systems to conform with legislation and regulations',6),
(115,10,'BSBMGT605','Provide leadership across the organisation',0),
(116,10,'BSBMGT617','Develop and implement a business plan',0),
(117,10,'BSBSMB405','Monitor and manage small business operations',0),
(118,17,'TESACL401A','Analyse culture and learning',0),
(119,17,'TESATE401A','Analyse and teach English language',0),
(120,17,'TESTEG402A','Teach English grammar',0),
(121,17,'TESTSP402A','Teach spelling and pronunciation',6),
(122,17,'TESTSE402A','Teach speaking',6),
(123,17,'TESTLE402A','Teach Listening',1),
(124,17,'TESTRE402A','Teach reading',1),
(125,17,'TESTWE402A','Teach Writing',2),
(126,17,'TESDRF402A','Develop resource files',2),
(127,17,'TESPSL403A','Teach ESL to primary school-aged learners',0),
(128,19,'TESACL401A','Analyse culture and learning',0),
(129,19,'TESATE401A','Analyse and teach English language',0),
(130,19,'TESTEG402A','Teach English grammar',0),
(131,19,'TESTSP402A','Teach spelling and pronunciation',0),
(132,19,'TESTSE402A','Teach speaking',0),
(133,19,'TESTLE402A','Teach listening',0),
(134,19,'TESTRE402A','Teach reading',0),
(135,19,'TESTWE402A','Teach writing',0),
(136,19,'TESDRF402A','Develop resource files',0),
(137,19,'TESAMT501A','Apply approaches and methods in TESOL',0),
(138,19,'TESDES502A','Design ESL syllabus',0),
(139,19,'TESAEL502A','Assess ESL learning',0),
(140,19,'TESEAP502A','Teach English for academic purposes',0),
(141,19,'TESESP502A','Teach English for specific purposes',0),
(142,11,'ICTICT509','Gather data to identify business requirements',5),
(143,11,'ICTICT511','Match ICT needs with the strategic direction of the enterprise',5),
(144,11,'BSBWHS501','Ensure a safe workplace',4),
(145,11,'ICTICT512','Plan process re-engineering strategies for business',3),
(146,11,'ICTSAD506','Produce a feasibility report',1),
(147,11,'BSBSUS501','Develop workplace policy and procedures for sustainability',1),
(148,11,'ICTPMG501','Manage ICT projects',3),
(149,11,'ICTPRG502','Manage a project using software management tools',3),
(150,11,'ICTNWK509','Design and implement a security perimeter for ICT networks',4),
(151,11,'ICTNWK513','Manage system security',4),
(152,11,'ICTNWK504','Design and implement an integrated server solution',3),
(153,11,'ICTPRG523','Apply advanced programming skills in another language',2),
(154,11,'ICTPRG527','Apply intermediate object-oriented language skills',1),
(155,11,'ICTWEB503','Create web-based programs',6),
(156,11,'ICTDBS504','Integrate database with a website',6),
(157,11,'ICTDBS502','Design a Database',5),
(158,11,'ICTWEB502','Create dynamic web pages',5),
(159,11,'ICTWEB516','Research and apply emerging web technology trends',6),
(160,11,'ICTPRG503','Debug and monitor applications',2),
(161,11,'ICTPRG504','Deploy an application to a production environment',2),
(178,12,'BSBMGT616','Develop and Implement Strategic Plans',1),
(179,12,'BSBINN601','Lead and Manage Organisational Change',2),
(180,12,'BSBMGT608','Manage innovation and continuous improvement',3),
(181,12,'ICTWEB501','Build a dynamic website',4),
(183,12,'BSBINM601','Manage knowledge and information',5),
(184,12,'ICTICT604','Identify and implement business innovation',6),
(185,12,'ICTICT508','Evaluate vendor products and equipment',6),
(186,12,'ICTPMG609','Plan and direct complex ICT projects',1),
(187,12,'ICTSUS601','Integrate sustainability in ICT planning and design projects',2),
(188,12,'ICTICT610','Manage copyright, ethics and privacy in an ICT environment',2),
(189,12,'ICTICT608','Interact with clients on a business level',3),
(190,12,'ICTSAS601','Implement Change Management Processes',4),
(191,12,'BSBWOR502','Lead and Manage Team Effectiveness',4),
(192,12,'ICTSAD505','Develop Technical Requirements for Business Solutions',5),
(193,12,'ICTDBS501','Monitor and Improve Knowledge Management Systems',5),
(194,13,'ICTPMG603','Manage ICT project quality',0),
(195,13,'ICTSAD607','Manage assessment and validation of ICT solutions',0),
(196,13,'ICTICT610','Manage copyright, ethics and privacy in an ICT environment',0),
(197,13,'BSBINN601','Lead & manage organisational change',0),
(198,13,'ICTICT608','Interact with clients on a business level',0),
(199,13,'BSBMGT608','Manage innovation and continuous improvement',0),
(200,13,'ICTICT604','Identify and implement business innovation',0),
(201,13,'ICTPMG604','Manage ICT project delivery',0),
(202,13,'ICTSAD601','Perform ICT-focused enterprise analysis',0),
(203,13,'ICTSAD606','Analyse stakeholder requirements',0),
(204,13,'ICTSAD605','Elicit ICT requirements',0),
(205,13,'ICTSAD603','Plan and monitor business analysis activities in an ICT environment',0),
(206,13,'ICTSAD604','Manage and communicate ICT solutions',0),
(207,13,'ICTPMG609','Plan and direct complex ICT projects',0),
(208,13,'ICTPMG603','Manage ICT project closure',0),
(209,14,'PSPTIS003','Prepare to translate and interpret',0),
(210,14,'PSPTIS001','Apply codes and standards to ethical practice',0),
(211,14,'PSPTIS040','Interpret in general dialogue settings (Mandarin -English)',0),
(212,14,'PSPTIS042','Build glossaries for translating and interpreting assignments',0),
(213,14,'PSPTIS002','Build glossaries for translating and interpreting assignments',0),
(214,14,'PSPTIS041','Interpret in general monologue settings (Mandarin -English)',0),
(215,14,'PSPTIS043','Use routine subject area terminology in interpreting (Mandarin -English)',0),
(216,14,'SITXLAN003','Conduct oral communication in a language other than English (Mandarin)',0),
(217,14,'PSPTIS045','Demonstrate routine English proficiency in different subjects and cultural contexts',0),
(218,14,'PSPTIS046','Use routine education terminology in interpreting (Mandarin -English)',0),
(219,14,'PSPTIS047','Use routine health terminology in interpreting (Mandarin -English)',0),
(220,14,'PSPTIS101','Negotiate translating and interpreting assignments',0),
(221,15,'PSPTIS101','Negotiate translating and interpreting assignments',0),
(222,15,'CUAWRT401','Edit texts',0),
(223,15,'PSPTIS060','Analyse text types for translation of special purpose texts (LOTE-English)',0),
(224,15,'PSPTIS061','Quality assure translations',0),
(225,15,'PSPTIS100','Apply codes and standards to professional judgment',0),
(226,15,'SITXLAN3415','Read and write documents in a language other than English (Mandarin)',0),
(227,15,'PSPTIS002','Build glossaries for translating and interpreting assignments',0),
(228,15,'PSPTIS021','Translate and certify non-narrative texts',0),
(229,15,'PSPTIS069','Maintain and enhance professional practice',0),
(230,15,'PSPTIS064','Read and analyse special purpose English texts to be translated',0),
(231,15,'PSPTIS066','Apply theories to translating and interpreting work practices',0),
(232,15,'PSPTIS062','Translate special purpose texts from English to LOTE',0),
(233,15,'PSPTIS070','Prepare translated transcripts',0),
(234,16,'CUAIND502','Maintain and apply creative arts industry knowledge',4),
(235,16,'CUAPPR505','Establish and maintain safe creative practice',5),
(236,16,'BSBCRT501','Originate and develop concepts core',4),
(237,16,'BSBDES403','Develop and extend design skills and practice',5),
(238,16,'BSBDES402','Interpret and respond to a design brief',5),
(239,16,'CUAANM302','Create 3D digital animations',6),
(240,16,'CUAIND401','Extend expertise in specialist creative fields',6),
(241,16,'CUAANM502','Create 3D digital environments',2),
(242,16,'CUAANM503','Design animation and digital visual effects',1),
(243,16,'CUADIG504','Design games',2),
(244,16,'CUADIG507','Design digital simulations',2),
(245,16,'CUAANM403','Create titles for screen productions',3),
(246,16,'CUAANM402','Create digital visual effects',1),
(247,16,'CUAPPM407','Create storyboard',3),
(248,16,'CUAWRT502','Develop storylines and treatments',3),
(249,1,'FNSTPB401','Complete Busines s Activity and Installment Statement',3),
(250,17,'','Use Technology to Assist ESL Learning',3),
(251,17,'TESCIE001','Create a culturally inclusive learning environment',4),
(252,17,'TESGAE001','Use the genre approach to teach English',5),
(253,17,'TESTEG001','Teach English Grammar',5),
(254,12,'ICTICT602','Develop contracts and manage contracted performance',6),
(255,1,'BSBSMB412','Introduce Cloud Computing into Business Operations',0),
(256,1,'FNSACC408','Word Effectively in the Accounting and Bookkeeping Industry',0);

/*Table structure for table `users` */

DROP TABLE IF EXISTS `users`;

CREATE TABLE `users` (
  `id` int(11) NOT NULL AUTO_INCREMENT,
  `username` varchar(100) NOT NULL,
  `email` varchar(100) NOT NULL,
  `verified` tinyint(1) NOT NULL DEFAULT 0,
  `token` varchar(255) DEFAULT NULL,
  `password` varchar(255) NOT NULL,
  `type` varchar(255) NOT NULL,
  `student_detail` int(11) DEFAULT NULL,
  `deleted` tinyint(1) DEFAULT 0,
  PRIMARY KEY (`id`),
  KEY `student_detail` (`student_detail`),
  CONSTRAINT `users_ibfk_1` FOREIGN KEY (`student_detail`) REFERENCES `student_details` (`id`)
) ENGINE=InnoDB AUTO_INCREMENT=13 DEFAULT CHARSET=utf8mb4;

/*Data for the table `users` */

insert  into `users`(`id`,`username`,`email`,`verified`,`token`,`password`,`type`,`student_detail`,`deleted`) values 
(1,'superadmin','superadmin@mail.com',1,'5509124336cf4f2f0bc82a544972717f19070a19131e4e7797ceaf1b28615ab22ddde47f427013a53608439492b391e2ce76','$2y$10$nE1zPUtd0eEggGunK3gK5uQJYahG9qASWap6rLCmMi7dnSsyXSpam','superadmin',NULL,0),
(2,'admin','admin@mail.com',1,'c84b6556edbce2f3029e5e42374d51d4f4fb238008c5a5ba93b9ed398fa91db6887a8c11eb0d1a3c67cd26a1dab4d22a0785','$2y$10$VtZmuPVZsavu8/2DssFyguri0ZPgpidOcnw5w0PEu/XFIgylJavNa','admin',NULL,0),
(3,'student','student@gmail.com',1,'03fcd68c3f385e8a46dd4f0bdc191b405917c294cbb2a8d4dab5c9ea8151e92345158969a4aa9a8936201caf8ffffbecceba','$2y$10$UQ9AZM8KZlqiZKdh475RNu8T/wYiZy974mBDfjjtnG7cT4vA7fJm2','student',1,0),
(4,'john','abc@mail.com',0,'a43e057daf041d639643e16d4a08da1d839e3b8571b4556079ac7908034492f045d51a418dabc957ca239ecd9964b04ea871','$2y$10$g8IrrZTxncTA1dBPHDYsG.g/kE8zBsgEQvaK06aadFKtddRkdyubG','student',2,0),
(5,'aaa','aaa@mail.com',0,'74973bb537bebf82f4bf1f647e0b758bdec1bcf999c9a79d34cc399607ffc449b5cd19101172cb8fca48d26e8b65b86bbb48','$2y$10$c3PDq5uaWWE/aEqv/pVYgOT/OBeBBDe.CO2undEvUF9wYpFDNSaai','student',3,0),
(6,'admin1','admin1@mail.com',1,'7204c5528c96b76c06fbe6d1e32057e3c2e898c23a9d1cde77a3af7f048348281a13fb9f6c8036e40e8efbc1e64e38679e21','$2y$10$xruKqw1AZH4sy.5ljEs5cuXGAdAECLa.ZDZyzbVvICCv35sFX.w.S','admin',NULL,0),
(7,'tina','tina@yahoo.com',1,'8719e3e7e22a0d838e68bea48cc042f4f32a9b83058be8365c760d0fcc5f8a0423e7072e1104f6933b12f2a7470491e69ef7','$2y$10$ku1N8lCo68zn4D4swtzdMewY4f38XMc7c29X/On0M5ozb9OxWidPa','student',4,0),
(8,'abhram','abhram@outlook.com',0,'8f1b6ffd990966cbc32930396c9167789f038a80ed0a9a980b3ed4d3e68491e9e0d1801477129b9b9101c5786df498e5bca7','$2y$10$INV1i/3M35RGQMJUXH7Y.uCQUCpBwOPJqMnHmRdXoBtSL9fgkxVrO','student',5,0),
(9,'lisa','lisa@gmail.com',1,'b4f316774a4051032e70bcc39ae49a2310df7f69ebc7d0c0b5b3f568bf174b9dd21c11a028a03636568d004cd30ee5ef195d','$2y$10$xYk5sRhnuqnfBxmjMfUaq.UJ/Mz.z2mGdZLLHJWC1ftOQqXdDetji','student',6,0),
(10,'alex','alex@mail.com',1,'8524af6432567b738480a1b370fea6ce2f4d193eac0a8200b68bcbb45e8c34a50664201788f08ee775f08dd0f57ffa48c1e4','$2y$10$SMBOu4CwVOYSs4r23AOkEOry8tTycK9MtMRcj6sfWyc/P0l5J3JkW','student',7,0),
(11,'emily','emily@mail.com',1,'15eb9cdf36e38de1d6e732ae01db493c1cc2f4bd615bf21421019ab4e01c091be14a7e07b0a63564fe2ae239deec3ca29946','$2y$10$gyfXu41MkonRO8uwWTWl8uH0Pyo7WRDAd6lAKxykYfQII15oBHk9a','student',8,0),
(12,'ronaldo','ronaldo@mail.com',1,'58dda52afdac09367bc17246773533ff16df4094ef04b446a7f712e63da4b616d58a34095ffcdea0261ac569031485d723d2','$2y$10$G5wHPIhppOT7kMYObTvwdeU14pYHLhcmuLL9.4VqkbzVooJQH6CBG','student',9,0);

/*!40101 SET SQL_MODE=@OLD_SQL_MODE */;
/*!40014 SET FOREIGN_KEY_CHECKS=@OLD_FOREIGN_KEY_CHECKS */;
/*!40014 SET UNIQUE_CHECKS=@OLD_UNIQUE_CHECKS */;
/*!40111 SET SQL_NOTES=@OLD_SQL_NOTES */;
